<?xml version="1.0" encoding="UTF-8"?>
<api context="/DynamicQueryCall" name="DynamicQueryCall_API" xmlns="http://ws.apache.org/ns/synapse">
    <resource methods="POST">
        <inSequence>
            <property description="payload" expression="json-eval($)" name="payload" scope="default" type="STRING"/>
            <class name="com.knot.uol.mediators.DynamicXMLQueryMediator"/>
            <payloadFactory media-type="json">
                <format>$1</format>
                <args>
                    <arg evaluator="xml" expression="$ctx:mediatorResponse"/>
                </args>
            </payloadFactory>
            <respond/>
        </inSequence>
        <outSequence/>
        <faultSequence/>
    </resource>
</api>
