<?xml version="1.0" encoding="UTF-8"?>
<endpoint name="number-lock_EP" xmlns="http://ws.apache.org/ns/synapse">
    <http method="get" uri-template="https://{uri.var.host}/${uri.var.msisdn}/{uri.var.ApiName}?status={uri.var.status}&amp;channel={uri.var.channel}">
        <suspendOnFailure>
            <initialDuration>-1</initialDuration>
            <progressionFactor>1.0</progressionFactor>
        </suspendOnFailure>
        <markForSuspension>
            <retriesBeforeSuspension>0</retriesBeforeSuspension>
        </markForSuspension>
    </http>
</endpoint>
