<?xml version="1.0" encoding="UTF-8"?>
<endpoint name="pattern-list_EP" xmlns="http://ws.apache.org/ns/synapse">
    <http method="get" uri-template="https://{uri.var.host}/{uri.var.ApiName}?channel={uri.var.channel}&amp;pattern={uri.var.pattern}">
        <suspendOnFailure>
            <initialDuration>-1</initialDuration>
            <progressionFactor>1.0</progressionFactor>
        </suspendOnFailure>
        <markForSuspension>
            <retriesBeforeSuspension>0</retriesBeforeSuspension>
        </markForSuspension>
    </http>
</endpoint>
